"","conc_0nM","conc_20nM","conc_200nM","conc_2000nM"
"18w",0.521589126879668,0.686032840818631,0.870337339591004,1
"Abl",0.65895227345296,0.724149298745091,0.898379788829651,1
"ac",0.40796017863695,0.573628275001486,0.874256033692088,1
"Acbp1",0.212293153844383,0.384827114274581,0.800247242491692,1
"Act5C",0.717780529934271,0.83115092289954,1,0.968222368595349
"AdamTS-A",0.0771841959687905,0.193492125512836,0.755384119809446,1
"ago",0.811342007081658,0.849000873212692,1,0.996596828970447
"AGO1",0.817020543107296,0.839235040586365,0.936017781814072,1
"al",0.698017272375889,0.805032581683502,0.888381635727667,1
"Alh",0.271931914677388,0.533822817513039,0.842472712065899,1
"Alk",0.314704053090959,0.484382929878628,0.65941023962483,1
"alpha-Man-IIb",0.739038586741785,0.744751241993412,0.901761007900337,1
"alt",0.220242683624372,0.345987946490735,0.776983658777053,1
"Ama",0.195975617920052,0.454282267135633,0.906355996040328,1
"Ance",0.650686117278434,0.824278918768365,1,0.932337968527488
"ap",0.579944870402078,0.713661503307767,0.883519901738336,1
"ara",0.609908436792014,0.761633080999499,0.938525570380052,1
"aralar1",0.758413474621457,0.780529770083177,0.954709021359051,1
"Arfip",0.705020041110284,0.783823350808012,0.88553587960765,1
"ari-2",0.462532980939263,0.596042340281761,0.85790213822451,1
"AsnRS",0.800887877731628,0.868076237083538,0.996575076011209,1
"AsnS",0.242005134902189,0.314153058186204,0.985285202228826,1
"asRNA:CR45171",0.619703738024298,0.713225625555537,0.788233972090605,1
"Atox1",0.543202194776221,0.702135689607309,0.82740822462445,1
"Atxn7",0.660703828919256,0.743820258439494,0.983312363019254,1
"bab2",0.337696718820169,0.494198524566168,0.896395492241567,1
"bbg",0.462895981871051,0.603608668028207,0.79887238932478,1
"bchs",0.555964648263874,0.711823797304558,0.952538824242744,1
"bcn92",0.638043826956769,0.651647465181529,0.930590424948373,1
"betaTub60D",0.435629518353797,0.566162012917166,0.755874932571541,1
"bib",0.26035825109769,0.530539629704623,0.881915555621826,1
"BicD",0.806219461671513,0.829173592203295,0.91075534644803,1
"bip1",0.0504679983432415,0.342407240163691,0.831170456072558,1
"Blimp-1",9.32410202105684e-05,0.00695223027319566,0.572134811804902,1
"blot",0.655054267590419,0.775045399790967,0.853924962979832,1
"bmm",0.0961902354037169,0.191949915970229,0.618624020763268,1
"bnb",0.591173269517223,0.754769014191108,1,0.981446969501552
"bou",0.652420072982694,0.806621908192126,1,0.895558640255364
"bowl",0.733049365113955,0.829340584653773,0.955804121084347,1
"br",0.101592375271595,0.445884964132224,0.900217603789589,1
"brat",0.22983101971528,0.519800409272487,0.826599406016805,1
"bs",0.443527520718216,0.583369655909963,0.844875312832066,1
"cact",0.786925200702162,0.866663925224448,0.900299179919547,1
"Cad86C",0.637843765838761,0.681742708325616,0.834810875987043,1
"CadN",0.614154740690951,0.712772218196751,0.849755046893246,1
"Cals",0.779407475024354,0.820887489386013,0.892123020405771,1
"CanA-14F",0.797258074561722,0.810276044856239,0.954007870830118,1
"caup",0.676473759860661,0.79380891763417,0.968288930611255,1
"CCKLR-17D3",0.339244745117561,0.452701879814778,0.763848269950751,1
"CD98hc",0.538197988239817,0.657356718861376,0.935692816475183,1
"Cdep",0.781607853027441,0.840938948919621,0.924855304730172,1
"Cdk4",0.525339810219913,0.700812682008923,0.939834746637779,1
"CG10005",0.298583517766982,0.508474854949124,0.754230464832079,1
"CG10026",0.0116424930404245,0.0615923674336552,0.368775121474673,1
"CG10098",0.555106725211433,0.652678226485502,0.83143598804295,1
"CG10254",0.786136052983662,0.849605619711065,1,0.991995254242545
"CG10283",0.162272562244787,0.18272205935723,0.616470412539264,1
"CG10359",0.237124503640786,0.551204505671902,0.958587133649551,1
"CG10413",0.752836365209689,0.804672352573691,0.966606523135935,1
"CG10916",0.584712507282809,0.699001942508111,0.745178160872447,1
"CG10960",0.0129632696139449,0.10151136693531,0.633551437235817,1
"CG11034",0.0312386143975347,0.110123579729728,0.691367902022081,1
"CG11050",0.385808978889705,0.502523462551219,0.783679980222663,1
"CG11069",0.599332806262207,0.754561218715056,0.875906689774415,1
"CG11170",0.585599827247869,0.600548094940332,0.948227991783747,1
"CG11248",0.669448234785129,0.753425328152282,0.910208056821744,1
"CG11249",0.153782090322926,0.335078659293925,0.652032721497762,1
"CG11275",0.23735958792465,0.695929046522359,0.939818856798227,1
"CG11370",0.545852584088411,0.60367553179375,1,0.811317461035261
"CG11409",0.277171565615994,0.45425397208727,0.742912162465241,1
"CG11593",0.778468724357091,0.840599043001124,0.919658474040139,1
"CG11686",0.293963937314161,0.486032862311451,0.773057697059566,1
"CG11835",0.0663419606959098,0.173956183001623,0.67838927948695,1
"CG11873",0.64512823116789,0.724740117128378,0.85213081174017,1
"CG11899",0.371066861347534,0.603300281411227,0.822521894209231,1
"CG11905",0.052066183076638,0.171978657089457,0.757983815941415,1
"CG12009",0.611292630388213,0.662662281305349,0.907724367191562,1
"CG1273",0.0173226405222508,0.112468630558501,0.77454533446498,1
"CG12880",0.620710721164129,0.71369129203503,0.800389179547034,1
"CG1299",0.673558833508383,0.816025879647731,0.995840851207625,1
"CG13024",0.602704281297262,0.679250127480165,0.807940436633634,1
"CG13300",0.579468745616524,0.701033189899801,0.800946130503401,1
"CG13367",0.72012975005574,0.779003223900221,0.893691538713958,1
"CG13531",0.736773306834075,0.806406612224446,1,0.98129611245644
"CG13784",0.667050534280179,0.72263700524858,0.883905738610274,1
"CG13894",0.377680128153356,0.551613849623297,0.872772180630607,1
"CG14132",0.385341055613142,0.682410666847391,0.824358223542347,1
"CG14223",0.751489106557657,0.873659055554268,0.893440219280425,1
"CG14301",0.327409597003293,0.437616281316696,0.820622315343743,1
"CG14439",0.345847804235558,0.571582096695401,0.854692721375472,1
"CG14441",0.740715910977383,0.762404884799425,0.854390158830531,1
"CG14598",0.0121106261344484,0.32626913130362,0.797041358133102,1
"CG14712",0.680324816853675,0.793344749028354,0.977022922697789,1
"CG15046",0.371892593071759,0.543292197305588,0.792817086591134,1
"CG15282",0.0457130791831555,0.144324829235116,0.921183632791406,1
"CG15309",0.167234917072243,0.320965831555906,0.856758691859619,1
"CG15385",0.425752246990574,0.690051967472226,0.915071409560775,1
"CG15544",0.0327799026058376,0.230883105357448,0.809904589114613,1
"CG15547",0.419040162004739,0.522744510004541,0.553337190723833,1
"CG15744",0.799931221382688,0.842290934035899,0.977649642321072,1
"CG15905",0.0510214725012,0.151721934540549,0.748349046585946,1
"CG1607",0.316750231910187,0.654931132891063,0.915692207948663,1
"CG16959",0.430646878556146,0.551485067094939,0.655260221439102,1
"CG17211",0.375363229366279,0.539443718297623,0.798812702926082,1
"CG17278",0.66728542328287,0.78895026930198,0.962070700409303,1
"CG17672",0.243701202467517,0.381030960583108,0.667417372738838,1
"CG17746",0.806957817550341,0.900650845987903,0.962041229400712,1
"CG17834",0.13319370745572,0.300343541082743,0.717802103321234,1
"CG1806",0.526156832822942,0.676277902038095,0.903055149922599,1
"CG18130",0.0954976379805762,0.194863042634333,0.389002424195386,1
"CG18549",0.357586741988757,0.592331437618888,0.82152941554603,1
"CG2841",0.638867472100929,0.69056735513237,0.939061397231959,1
"CG2852",0.545290854397592,0.723322896267875,1,0.995145517426196
"CG2918",0.779311946485229,0.824128510370276,1,0.958723303131486
"CG30089",0.397786128565065,0.652373341547426,0.841896150238061,1
"CG3009",0.35916956276149,0.63064780579195,0.845719311388846,1
"CG30440",0.713892324381608,0.775398280348412,0.87648392426792,1
"CG31051",0.0506834572258015,0.22110679271431,0.502312931519592,1
"CG3107",0.816348779900413,0.882183917025036,0.996980625166468,1
"CG31121",0.565640926645655,0.796279368960265,0.926878388044938,1
"CG31195",0.851597137515946,0.878435358742347,1,0.991678585694005
"CG31224",0.475314579712051,0.587176248402172,0.896176851038539,1
"CG31637",0.752100871020063,0.83351212145537,1,0.960229205404364
"CG31650",0.781090283283367,0.837203790318548,0.991506978532845,1
"CG3168",0.516635045869847,0.54863274032848,0.773228397630891,1
"CG31694",0.785179889563568,0.833413312829711,0.972005425348974,1
"CG31710",0.351499616996809,0.532183543216243,0.741676135101369,1
"CG31869",0.367024344665623,0.452135991259631,0.629454141998048,1
"CG32066",0.711030133921576,0.794351848857883,0.870449229369267,1
"CG3223",0.747151239637557,0.822916720239242,0.908735501183986,1
"CG32276",0.804901715807088,0.883264621316475,0.938156494593419,1
"CG32447",0.19480431875094,0.348143841095469,0.896052271974784,1
"CG33939",0.0482031456446012,0.303742003840223,0.753853371710284,1
"CG34038",0.476155535365292,0.7939514961987,1,0.917618771327378
"CG34347",0.500625851859297,0.64011209611806,0.899499670462086,1
"CG34398",0.730881302453062,0.747598175691023,0.800732262113841,1
"CG3548",0.812163211199758,0.851116285194216,1,0.958480363242908
"CG3587",0.165348754124076,0.21936193490737,0.724741636337985,1
"CG3649",0.508480439540066,0.883157980400919,0.891637657332171,1
"CG3823",0.055839312467578,0.203653880038577,0.888516421738066,1
"CG3857",0.597862254591384,0.733961215589454,0.962157601985617,1
"CG4022",0.800986338524437,0.834329316761928,0.911240933406156,1
"CG4080",0.646223941960815,0.73032964599736,0.870297085912715,1
"CG42240",0.565743222879534,0.628675932191976,0.88536110599939,1
"CG42588",0.777232589080662,0.787527667668031,0.949231364824583,1
"CG42741",0.466063825278107,0.706168803616138,1,0.9469426020842
"CG4360",0.809711587657475,0.869868550854942,0.948259047098992,1
"CG43867",0.55272549586431,0.62405129045054,0.817437612264763,1
"CG43980",0.351169433715656,0.558941480751522,0.876318855062741,1
"CG4496",0.376675691617584,0.557651262335012,0.938179391626478,1
"CG4502",0.726104725873787,0.759500348640123,0.887979746233466,1
"CG45050",0.606844141829138,0.765100146154266,0.959204230960136,1
"CG4554",0.653448301494673,0.858716859535302,1,0.882084477436253
"CG4586",0.0261516211503147,0.083688729729939,0.65845195952123,1
"CG4612",0.828255273038805,0.841710821040465,1,0.957904294801434
"CG4911",0.762710454990462,0.778652944115758,0.981412455457747,1
"CG4914",0.215937174230011,0.419296096833594,0.825886031684173,1
"CG5027",0.642465094423476,0.658383922048391,0.934714385891539,1
"CG5065",0.276377016880002,0.482438544888508,0.757450067071164,1
"CG5114",0.718049676682421,0.900050253584195,1,0.922500203822415
"CG5639",0.0466849468060517,0.0511570600490283,0.387095286035979,1
"CG5789",0.697114759033061,0.783972382329406,0.969025935940111,1
"CG5902",0.831756754232699,0.855870654230948,1,0.990067685123331
"CG5953",0.465497558985803,0.719090711454071,0.785206725169178,1
"CG6013",0.672492163087585,0.699018383494704,0.91116710562329,1
"CG6044",0.54229264784584,0.709540819988326,0.847595920539912,1
"CG6287",0.328909259463147,0.46595527995077,0.817363148076505,1
"CG6362",0.516824218555853,0.616255522382719,0.752382479508962,1
"CG6420",0.815599080417127,0.877919076792389,0.902135861563702,1
"CG6426",0.157445346684737,0.316153505635231,0.755588326624668,1
"CG6805",0.763712513072163,0.824190847590525,0.89682233313942,1
"CG6891",0.709229812638385,0.872149997496848,0.97802289474018,1
"CG7173",0.609749163820158,0.636101679895853,0.767056698944872,1
"CG7536",0.759518244069592,0.797143910426731,1,0.98473941462395
"CG7720",0.039018635085801,0.155041907431992,0.594956162774076,1
"CG7744",0.701659288261756,0.772342314943095,1,0.934518958013512
"CG7860",0.635694755802338,0.713982907599251,0.975446485786076,1
"CG7872",0.322712591800519,0.518462208363916,1,0.941073840972568
"CG8031",0.170997934633552,0.373025556825018,0.809774929709155,1
"CG8420",0.254863512651149,0.366706738920474,0.641096620421534,1
"CG8485",0.788838429492112,0.81458728547388,0.990326823104426,1
"CG8507",0.716022772727581,0.784639126287516,0.852349902448243,1
"CG8668",0.484051844618227,0.580474015092226,0.851535771286126,1
"CG9003",0.676426101362371,0.713972134924477,0.910112859953161,1
"CG9005",0.148847815624382,0.313620553046172,0.771259656397409,1
"CG9331",0.696281582005537,0.788467351011193,0.909418119737452,1
"CG9416",0.0253097331611384,0.154997052376635,0.831198864570898,1
"CG9503",0.311182488868796,0.748379235324895,1,0.933156857991411
"CG9628",0.183612923178045,0.318915454073141,0.793228838505072,1
"CG9663",0.537169717072649,0.672070423811467,1,0.978454452356484
"CG9896",0.195089071824248,0.415136838533327,0.795583138412695,1
"CG9941",0.707065332035395,0.794716894039996,0.961632891732522,1
"chas",0.758813360084199,0.819300854220953,0.895968542661595,1
"chic",0.732080286578616,0.831878006391653,0.949158667500248,1
"chif",0.749036500942444,0.811236278929922,0.858325977448979,1
"CHKov1",0.58399568499128,0.663096248131344,0.863559478988021,1
"Cht10",0.307853598542521,0.566764161309583,1,0.978718701659029
"Cht5",0.326461249562966,0.41811941931145,0.865157070467878,1
"cib",0.820377260918382,0.844186812950136,0.917807072603828,1
"cindr",0.465960742370402,0.627416690469089,0.768962837022817,1
"Cip4",0.750665190344759,0.810143859847391,0.880504268861095,1
"ck",0.636110078958861,0.703017579448259,0.953295072244216,1
"Cka",0.85622716323412,0.910416243505027,1,0.96769221210177
"ClC-c",0.757409109809658,0.831002160776394,0.995522615842885,1
"Cln7",0.364928296701855,0.548744157739874,0.86781274033852,1
"cnc",0.485409405143841,0.61130772667015,0.858974253177452,1
"Cnx99A",0.833431102154248,0.839023364106357,0.955261779546772,1
"Cortactin",0.839597763160444,0.840265816573674,0.895209835056856,1
"cpa",0.754737007981388,0.822673898500246,0.914570173096096,1
"Cpr49Ac",0.0217007627997662,0.140108195123843,0.796221973865533,1
"CrebA",0.266056132784552,0.418629572358739,0.848185667073843,1
"Csk",0.829683656168002,0.833591515082859,0.887897922401918,1
"Ctl2",0.648466118533454,0.73653641827722,0.922427280091503,1
"ctrip",0.61092736217083,0.726981980479605,0.926984479728514,1
"Culd",0.460722766116732,0.584280556381614,0.835413559421167,1
"cv-c",0.353599243387422,0.520351235023093,0.858030515934197,1
"CycE",0.714530469745873,0.774946574795866,1,0.865924694424201
"Cyp18a1",0.00197784515230188,0.0352772735798875,0.421663343196331,1
"cysu",0.263109533726207,0.421763834705618,0.773092386231326,1
"DAAM",0.114176683907831,0.379246887187484,0.848767989308543,1
"dar1",0.515245708352356,0.69367006373952,0.862168671537005,1
"Dark",0.528103338880746,0.637174409758704,0.869683554926605,1
"dbo",0.76109596577723,0.794653960935724,0.940107338874185,1
"DCTN1-p150",0.815682268432393,0.851369003904402,0.947629305762593,1
"Dh31-R",0.595355578267174,0.700064333570549,1,0.980133976538153
"Dl",0.711766203926395,0.791438086603939,0.852043279140128,1
"Dlg5",0.780930205186166,0.83851301411688,0.922133306089595,1
"Dll",0.516470265363271,0.736254964085166,0.931963956981243,1
"dmGlut",0.36596560820949,0.738375406477853,1,0.918265618590141
"Dmtn",0.624735075189582,0.681091322719071,0.852536255043801,1
"DnaJ-H",0.703679015001478,0.814909789036766,0.936600767667165,1
"dnt",0.651567014704815,0.76563006109851,0.984742757130984,1
"Doc3",0.698898120925273,0.79557263629737,0.92437643329543,1
"dpp",0.650958988211066,0.772552437305583,0.905731863547831,1
"Drice",0.798744113390953,0.827782506754436,0.940231967070562,1
"drl",0.728518090513385,0.792635631777188,0.848863007951071,1
"drm",0.757994657708419,0.8224083291422,1,0.986741550723992
"Droj2",0.853572937572383,0.890792862153384,0.970090549379031,1
"Dronc",0.32038389441243,0.436823500849615,0.804157211125006,1
"dsd",0.703674982922041,0.735313792503799,0.918335960918633,1
"Dtg",0.446013989069949,0.674645620760241,0.834778765942335,1
"dtn",0.712085342696979,0.727473754468966,0.879364043912608,1
"Dyb",0.834689465464199,0.886041547631433,0.943350579685981,1
"Dyrk2",0.245553254678507,0.386667063514186,0.739724894015079,1
"E(spl)m2-BFM",0.627719222459395,0.83240593434005,0.876934554748696,1
"e(y)3",0.767450644438222,0.829529411082739,0.965530071339236,1
"E2f1",0.593580158903108,0.793090625222339,0.968541351858486,1
"E2f2",0.780868280730562,0.842668621330966,0.960392647956234,1
"E5",0.679703336351513,0.85529105216159,0.942881727704559,1
"eas",0.677406505433638,0.813683530172358,0.98575526176821,1
"Edem2",0.823196977616591,0.831841817725879,0.990638720334271,1
"edl",0.62565451050882,0.808448576507087,0.972920874536488,1
"eff",0.803439380855307,0.839888363997518,0.916861901972685,1
"Egfr",0.734251684151245,0.829797606478256,0.907434949658105,1
"eIF1",0.771770999116695,0.89120217759708,0.952039154886834,1
"Eip75B",0.0105601565103303,0.49158332732862,0.778682105173531,1
"Eip78C",0.0037426801488915,0.0335115578951167,0.64550341003434,1
"elav",0.527316784755787,0.600437408860247,0.822020475494836,1
"elB",0.819252971278249,0.885761552038295,0.958527040474635,1
"emc",0.587449460901247,0.692842825972519,0.815773171069432,1
"ems",0.504161822395169,0.752544568046746,0.857901473463772,1
"en",0.81923618590075,0.922444683167862,0.983864337671137,1
"ena",0.559881498951429,0.627669157589431,0.76991025068802,1
"ens",0.867539349272048,0.877383147192785,0.927671109479861,1
"Ephrin",0.760251176190908,0.788506055095658,0.896977552602155,1
"eRF3",0.768321962418052,0.840610610726661,0.988414132088342,1
"eya",0.570012122429571,0.688883536720355,1,0.991250060783678
"eyg",0.569088028502906,0.78142164699636,0.965366107787894,1
"Fbxl7",0.768323475515734,0.814609814935152,0.915850481652155,1
"FBXO11",0.783373640242823,0.807213541349103,0.938408085277594,1
"FER",0.752303761636394,0.938846410473432,0.963673657618244,1
"Fili",0.81983790588802,0.827201433423146,0.881568168974202,1
"Fim",0.663303750595677,0.755726899429375,0.897432325617449,1
"fj",0.672722938791463,0.889200363336022,0.899506697513221,1
"Fkbp14",0.072040493486065,0.196242019460262,0.723063568266312,1
"flfl",0.799627599037476,0.871968361438496,0.955254224710592,1
"fliI",0.783111950527713,0.827157767769877,0.980810167064336,1
"Fmr1",0.810328993761184,0.860234490453593,0.984538062366707,1
"fok",0.162931085768726,0.4063135928756,0.86399101930247,1
"for",0.680696465508269,0.817077217187776,0.936684675468649,1
"fra",0.665171457520136,0.712754914980671,0.825874018598733,1
"fray",0.670764097982913,0.711242957884861,0.88862272560146,1
"frm",0.529776769332827,0.615337055265696,0.675442746153989,1
"fs(2)ltoPP43",0.62963277451577,0.737251274940338,0.967287365058315,1
"fw",0.342310884525609,0.510287421216073,0.784826691268781,1
"fwe",0.839945743414653,0.92149872530929,0.991972520728375,1
"fz2",0.768453624988299,0.808540772675463,0.904910343999342,1
"fz3",0.631006960232125,0.751494566479627,0.915561959400099,1
"Gale",0.326254675629456,0.557827935178717,0.832239012718801,1
"Galphao",0.787783155040329,0.794539122302712,0.94373392524051,1
"Gdi",0.851759785955592,0.881810420256309,0.972879602473182,1
"geko",0.132487099076985,0.471453743631811,0.82658182363637,1
"gish",0.742406158625476,0.835301191108774,0.921205248472343,1
"Gli",0.719973896459079,0.779921127976736,0.878579153034387,1
"glo",0.801955385149949,0.864216743545062,0.901487198421465,1
"Glut1",0.287645601545107,0.451337031446432,0.77256691893498,1
"Glut4EF",0.105541372748922,0.18315047689344,0.617411149358531,1
"GNBP3",0.811781953215883,0.891127203766296,0.944509223527178,1
"Gpat4",0.784195105456006,0.877431365102464,0.998998547177848,1
"gpp",0.374655323169385,0.561220799785578,0.877711260638891,1
"GramD1B",0.767050047990258,0.803881172421727,0.929906461927147,1
"Grip",0.321128850289601,0.554986543294404,0.921423085717287,1
"grsm",0.495291894146923,0.69910876211496,0.915555042771383,1
"gukh",0.443077641904577,0.622103935719805,0.842964117833469,1
"GV1",0.196067956088608,0.351228849413328,0.814500980751824,1
"haf",0.279903942028448,0.378810454391319,0.800311300023555,1
"heix",0.746237412832388,0.859924586852532,0.962967214636062,1
"Hexo1",0.542103264911997,0.697307141602357,0.943083847425908,1
"hh",0.759701567868828,0.827009089839742,0.965218619899511,1
"hid",0.474787407628988,0.651415418412407,0.908425212297884,1
"HIP-R",0.671793727301723,0.722208449008722,0.863076053984871,1
"homer",0.78437832051357,0.87450999950549,0.956426079220168,1
"how",0.335726969557741,0.493488545187919,0.814926166951778,1
"hpo",0.796652515188924,0.849976297192657,1,0.964125615266641
"Hr39",0.158127797090447,0.325611415583766,0.756653099821687,1
"Hr4",0.00204641621441755,0.00601236215616889,0.397860577550464,1
"Hr78",0.628365022383351,0.763947635835397,0.951366531362154,1
"Hrb27C",0.885671866082026,0.914608352056194,1,0.994821498118365
"Hs6st",0.702494500612367,0.767350985532304,0.85491077857249,1
"Hsc70-3",0.663408962330531,0.75788066599374,0.931672251158608,1
"Hsp27",0.242763248813279,0.472295700547283,0.872388544918229,1
"Hsp67Ba",0.368467695418546,0.555244559636326,0.846557159479822,1
"hth",0.657356567294096,0.795336371441077,0.905561243134863,1
"Idh",0.819076930735269,0.860350935338,0.995775189695349,1
"Ilp8",0.0398256361004143,0.238217622740154,0.478411671711867,1
"ImpE1",0.00317186426379841,0.037073248322674,0.637693158566774,1
"ImpE2",0.00637335351369224,0.0797109811119868,0.740589958253168,1
"ImpL2",0.0804135884576438,0.177692976975842,0.768507431621984,1
"Inos",0.591229477889759,0.78353874545391,0.938316463080886,1
"InR",0.244058980368626,0.488456535069709,0.812486527287741,1
"inv",0.78154928429337,0.882032352047114,0.944260333428172,1
"Inx2",0.681289872472353,0.802781150167668,0.992739028384939,1
"Inx3",0.650825993802119,0.777228434110762,0.910564215133552,1
"IP3K2",0.626374195866312,0.721478339504385,0.877522605555138,1
"Ipk2",0.768045085355697,0.849096781078174,1,0.998298175607063
"Ire1",0.790348225054121,0.791948447826561,0.883217398463019,1
"Irp-1B",0.713123662614132,0.839495855731797,0.891604822536093,1
"jar",0.230026879496623,0.391215469357071,0.737655978434789,1
"jing",0.315752524018807,0.527415853731112,0.811644568420017,1
"jub",0.798047670550276,0.826593696446,1,0.992382286882298
"Kap3",0.750120133170452,0.80882721575266,0.980134629107208,1
"kay",0.67412875823845,0.753455203027871,0.82359425059541,1
"Keap1",0.416856618990502,0.586657019699138,1,0.939028905211032
"Khc",0.828427717467313,0.86773602266085,0.934970990471566,1
"kis",0.788558689072212,0.83171644385908,0.924351118439287,1
"kkv",0.629193270027125,0.811579745602167,0.872519882221707,1
"Klc",0.813276236145298,0.884973877145967,0.961532361168193,1
"klu",0.71794892475259,0.741471126279711,0.837689969578521,1
"kn",0.710176517516386,0.771101287536107,0.938696727065667,1
"knrl",0.574421866504464,0.707528792153172,1,0.966779021476872
"ko",0.523673954501915,0.666868512031838,0.803045729523749,1
"koko",0.627003844024607,0.768515390224998,0.93296977518573,1
"kon",0.612513789120442,0.67441656199381,0.771111054704695,1
"kra",0.446998584160451,0.660319930262993,0.962379825173696,1
"Kul",0.80091665348082,0.832331358494695,0.957511944257284,1
"kuz",0.672939484739944,0.727029409430134,0.866721552254447,1
"l(1)G0469",0.388896744992911,0.585869810665092,0.716864320058893,1
"l(2)k05911",0.402403514745965,0.586065830046584,0.873896105198825,1
"l(3)L1231",0.611938223183705,0.7096502677147,0.856700869107146,1
"Lac",0.670479922292292,0.807333195273217,0.90160185195547,1
"LanA",0.695953645878913,0.741814169462764,0.830269508149864,1
"Ldh",0.105121417621157,0.221163649102302,0.527840723595138,1
"LeuRS",0.832563672738296,0.894480362280741,0.965138958761014,1
"lft",0.814078873911026,0.848367658845863,0.982405891025322,1
"lig",0.570349121364089,0.671031695356935,0.891031428638453,1
"lilli",0.740908908260876,0.762365737308017,0.902053499791407,1
"lin",0.819455385149251,0.89425088440702,1,0.979351418396644
"Lis-1",0.798769806550955,0.861819126163684,0.947836589477829,1
"lncRNA:CR33938",0.175997635171696,0.336470380134534,0.653132355538773,1
"lncRNA:CR43334",0.189530196407834,0.501286405367939,1,0.961328418370055
"lncRNA:CR43432",0.366951509514658,0.605280673212632,0.927592083487358,1
"lncRNA:CR44811",0.533577649602967,0.688527514838244,0.896955667742873,1
"lncRNA:CR45102",0.462054352103411,0.60554182322572,1,0.943477573664613
"lncRNA:CR45920",0.15930190544652,0.318462760711106,0.528042776817589,1
"LPCAT",0.432934127586703,0.59661856478666,0.78840675947944,1
"LpR2",0.722535262988959,0.842176274794518,0.951659429682086,1
"lqf",0.724199447366241,0.772612131316139,0.899963386110518,1
"LRP1",0.657081788871919,0.779372682288504,0.883134041870273,1
"lute",0.57777940636729,0.77857924768738,0.95465028469234,1
"M6",0.812072560099264,0.846423831981074,0.938680853756317,1
"mab-21",0.623265102324215,0.785435991676779,0.961368517949048,1
"mam",0.304562564322085,0.446254735452472,0.809408890870022,1
"Mdr49",0.56697137139404,0.573939351757503,0.622759451750124,1
"Med",0.853826742332482,0.871387443734452,0.991367821390884,1
"MED19",0.796724901757575,0.822301682503168,0.936390331242489,1
"Mes2",0.156505145386871,0.437664202331868,1,0.961372103377898
"MESR3",0.35244506773629,0.410713279657214,0.870333621280925,1
"MESR6",0.326558159868168,0.513060238709996,0.907515166199324,1
"mey",0.647337118569473,0.850976295715357,0.962859954555906,1
"MFS18",0.66646272013462,0.762036599770239,1,0.891192207517342
"Mhcl",0.794921513709979,0.859752979076645,0.972509109633943,1
"milt",0.715473855985349,0.753784771282486,0.885437542316991,1
"mirr",0.726082895987834,0.864944005937149,0.953689115376043,1
"Mkp3",0.487992229269548,0.64703609060086,0.817174471592773,1
"Mlc2",0.652164862029034,0.739461217906151,0.748952725760679,1
"mlt",0.529437413598276,0.682397231781174,0.892512323003277,1
"Mmp2",0.37298182086288,0.463169602820836,0.669998041349194,1
"mnb",0.431106063326278,0.54930124080339,0.846644112300338,1
"mnd",0.102864135493869,0.149893404438254,0.830468541754972,1
"Mnt",0.491072260968454,0.643738262899294,0.918464966269172,1
"Mo25",0.806546473297658,0.825749241152975,0.90238440397043,1
"Mondo",0.672220893833146,0.746630460439717,0.853109854853953,1
"mop",0.811158062513188,0.828669893880893,0.892891135717566,1
"Mp",0.137727373037096,0.421248881683581,0.931541370816867,1
"mtgo",0.289029466419936,0.443984763038265,0.76509604747761,1
"Mtl",0.769976748821088,0.79296112890189,0.986379262095875,1
"mura",0.745059265465071,0.785035521993243,0.848388329068662,1
"Mvd",0.641314082943345,0.739181012911409,0.836640626585094,1
"nab",0.601260001575163,0.891660593416482,1,0.907216440330327
"NAT1",0.460191496130102,0.578351777505592,0.863807242896369,1
"Ncc69",0.674987854516676,0.810203959258827,0.872293528393086,1
"Nct",0.801010491415532,0.828954362643405,0.965942838628217,1
"nemy",0.0290325774283493,0.13044017428891,0.594787127868432,1
"neo",0.0931978781274861,0.233906299120241,0.734697848243303,1
"Nep2",0.213966834986714,0.301215150167604,0.760802834123803,1
"NijA",0.578386576811054,0.752766069406123,0.898352533953411,1
"NK7.1",0.586061162332989,0.702217868613485,0.88344625176725,1
"NKAIN",0.755107723171165,0.782242358824154,0.885779339363928,1
"nkd",0.51576181455178,0.648693122575515,0.768735832597783,1
"nmo",0.0683135073470434,0.2706693317778,0.759540665444582,1
"noc",0.733867959669184,0.792606142259414,0.931290155421594,1
"nocte",0.84258777584573,0.888647155030994,0.989343464196754,1
"Nopp140",0.743636412934879,0.911220865905054,1,0.926221732872111
"not",0.382185358614562,0.498527928667333,0.934132953572857,1
"Np",0.0713565822872493,0.245174352485202,0.674306940860755,1
"nrv1",0.665210881851523,0.79511416128664,0.92083434303084,1
"nub",0.630395031993978,0.801601192040938,0.943982080616967,1
"numb",0.60647911621588,0.640722042490274,0.846825909320495,1
"nvy",0.513353162777966,0.764669285925913,0.883242110509093,1
"nw",0.855327638979664,0.946906576007748,0.981543746579428,1
"Oatp30B",0.34894019361207,0.523522389147003,0.941501670817382,1
"Obp56a",0.44140871104467,0.590849293969997,0.864549695865654,1
"Ocho",0.657535670467984,0.808500327619376,0.82182174845526,1
"odd",0.532744494792438,0.615908946292232,0.933108297928653,1
"ogre",0.504560257889295,0.704048164722553,0.976589088985278,1
"Optix",0.255227835557852,0.606012573459591,0.967202255816448,1
"Orct",0.316810029910748,0.473331466304635,0.699261933730289,1
"Orct2",0.31388042261661,0.49668211325629,0.766313516886058,1
"Oscillin",0.358826096947324,0.584832664050225,0.989813376596781,1
"oys",0.755014343336601,0.849461354407023,0.942950426007575,1
"p120ctn",0.76847075544885,0.826599501941817,0.948023809647905,1
"p130CAS",0.526955669226592,0.814803456361504,0.889908629017792,1
"Pabp2",0.651169402642757,0.732601910861791,0.865206022474625,1
"pain",0.652018382047783,0.75396848517105,0.835353764099155,1
"Past1",0.760228146618094,0.809926855837218,1,0.994241141696141
"path",0.0727656193674849,0.141999828641123,0.77097667673987,1
"pcx",0.788279648816872,0.805697642052961,0.978762990180331,1
"Pdi",0.552027767156703,0.632900339867785,0.894923914267878,1
"Pdk",0.255031226473543,0.470885284605758,0.904483741653347,1
"Pdk1",0.0598904491480839,0.286655947156657,0.811501210347149,1
"pdm2",0.734232885471864,0.871593903826573,0.996707319110786,1
"pdm3",0.763920410890027,0.786994454692269,0.950873917291801,1
"Pex3",0.825828213144853,0.88397862468231,1,0.9871698121361
"Pgant5",0.780284679924853,0.789439158637175,0.947557892521468,1
"Pgant9",0.475764792094533,0.556048187889993,0.881115291413663,1
"ph-d",0.786397681608626,0.872849231177552,0.991652309143425,1
"Phk-3",0.586691976221531,0.857522933684416,0.874747420584009,1
"phm",0.0212116614706914,0.212151534328327,0.959650803860458,1
"Phm",0.7367241974654,0.831565528133184,1,0.985446919755553
"Phs",0.755226859805889,0.874468176388735,0.999338419303561,1
"pico",0.77728006536647,0.812070915000814,0.914526221532398,1
"Pif1",0.58637154575388,0.716019282867755,1,0.928060082810426
"pip",0.516746633626934,0.656693893864288,0.797563962267737,1
"pk",0.623678367728776,0.678365947309786,0.956448016996383,1
"pnr",0.677756326189185,0.869205881667873,1,0.978776783129509
"pod1",0.792021220888443,0.825238546540523,0.949020156210986,1
"porin",0.851641667583331,0.919259202433847,0.988909826485835,1
"Ppn",0.110039248748226,0.32084557287697,0.684941040991439,1
"prage",0.449794511826369,0.499241614132887,0.813108419046659,1
"prd1",0.732052114460946,0.810875904741691,0.963087190242993,1
"PRL-1",0.452913143484307,0.736629216296486,0.874165079986901,1
"Ptp99A",0.705848892243847,0.746215817405595,0.922918426745133,1
"Ptpmeg2",0.638995947162066,0.717951319935479,0.834502401584326,1
"Pvf2",0.589451293120882,0.677671501444845,0.870263666659998,1
"Qsox2",0.422262260521991,0.919742803707046,1,0.996971796651649
"Rab11",0.8366604817369,0.885987452259726,0.954475487716488,1
"Rab23",0.741528162664133,0.883041401583491,0.918970139302638,1
"Rab5",0.786189352274432,0.840852466922169,0.926046368442166,1
"Rab6",0.63094944830863,0.726965828081438,0.906173362438621,1
"Ras85D",0.830661516245493,0.888837500359701,0.964395385604687,1
"Rassf",0.799675937683082,0.822086733597994,0.985980786497986,1
"RASSF8",0.651051199706715,0.712526842202324,0.854733526819285,1
"raw",0.553185273088625,0.60057777554053,0.825204972702504,1
"rdo",0.773773460515898,0.838026386134997,0.935080655783537,1
"rdx",0.804225500528996,0.858050760044981,0.961365444487457,1
"Reck",0.393328023187056,0.600315140873037,0.969733642212431,1
"red",0.426315946570957,0.663260400639171,0.867541675529683,1
"Reg-2",0.0933555920364962,0.452896916649013,0.89200880422284,1
"retm",0.699782790353957,0.764754888197799,0.973078859427298,1
"rho",0.159885660132316,0.345291260211244,0.806784589099206,1
"rin",0.846795782529609,0.880925317069026,1,0.965973541745898
"rn",0.85328811809413,0.932358432886432,1,0.992334504514361
"rno",0.80928734708914,0.838374091111289,0.941913632013348,1
"robo2",0.632858478911317,0.693207485703721,0.814553100276753,1
"rogdi",0.719088265244624,0.886067636112915,0.987320263204448,1
"roq",0.771528915274278,0.773034460932151,1,0.970053164933527
"Rox8",0.843361129879493,0.864931970157049,1,0.994752805850673
"rpr",0.431111638265101,0.685721343945602,0.846379910875756,1
"RYBP",0.672099552681287,0.740188258009353,0.925904019170668,1
"S",0.617771631617723,0.710409289065466,0.891016428377488,1
"salm",0.687508067356423,0.746924081901291,0.871321904869609,1
"Samuel",0.293475008639121,0.533984963212187,0.916703230752368,1
"sano",0.517282787013774,0.640298752753352,0.798431418535636,1
"Sans",0.198823903541406,0.386022543057351,0.828588745369925,1
"sc",0.401165002642223,0.538456573602052,0.89781233789571,1
"SCaMC",0.7948392140224,0.814199945608999,0.993071282978109,1
"scb",0.391339091373185,0.437808380538632,0.640823223092778,1
"scny",0.764589751255698,0.857054143743979,1,0.991401729089991
"Sema2b",0.779344629220087,0.830721125239369,0.901603503587427,1
"Sep5",0.740804142360307,0.793735990920903,0.842732359058633,1
"Ser",0.731422707746744,0.782756990606118,0.891234857500437,1
"sgl",0.523010630681644,0.688091902855062,0.853077433147805,1
"shep",0.698210041624245,0.721280786579154,0.866961128515094,1
"shf",0.673598886566997,0.766882595894229,0.887688345960554,1
"shv",0.701019746647895,0.755103178177723,0.935623895320838,1
"skd",0.631752302469189,0.747062760914936,0.920712866151813,1
"slf",0.501283948133281,0.766290963511309,1,0.998529008874643
"slmb",0.822865654508752,0.83699208510202,0.906878277983535,1
"SmD3",0.693098745631287,0.816527479458278,1,0.926382674346772
"Snap24",0.573776400151155,0.657155228511877,0.833502912508503,1
"Snoo",0.365294923225838,0.476508967009341,0.791886237016453,1
"Snx21",0.680895799069225,0.803390092116633,0.906075160455585,1
"Snx3",0.813196646164593,0.840749683609443,0.922541754292495,1
"sob",0.636073922206271,0.754906136362399,0.973419574123007,1
"sog",0.473651632326724,0.582327546523436,0.841367164945651,1
"sotv",0.655394249694613,0.747717832773419,0.999185199786577,1
"Sox102F",0.513717100862341,0.648738777996152,1,0.908755531599506
"Sox14",0.170898131098517,0.360714912682615,0.871623667327814,1
"SP1029",0.237307037788463,0.29078617637014,0.717540253445551,1
"spi",0.70788701715654,0.820879582345625,0.936453451522464,1
"Spn",0.580228548274583,0.611030893410053,0.804973093294885,1
"Spn28Dc",0.567787463190294,0.767035534192567,0.821448689280775,1
"SppL",0.797601057150043,0.846052066228572,1,0.973852975095274
"Spt20",0.820581498834935,0.826573910097069,0.914593464377175,1
"Src64B",0.641338570167578,0.758404063525625,0.871377987249131,1
"ss",0.518310859252701,0.728554723998967,0.92064633649643,1
"Stam",0.789619729578961,0.794982267435329,0.866590567526653,1
"stan",0.670572827176338,0.780269534883691,0.83012816987685,1
"Stip1",0.736877702607175,0.825988172715561,0.93209705641753,1
"Strip",0.78541453015601,0.840125785683605,1,0.963928628282419
"sty",0.803109074566716,0.867573224165007,0.907567678996374,1
"su(sable)",0.802699712233635,0.822622467530961,0.915907590025394,1
"svp",0.422232599842901,0.641970673517047,0.942735057331383,1
"Swim",0.592952342579336,0.700927654927052,1,0.890860506623142
"Syp",0.555961400297634,0.687031651094628,0.918733141184954,1
"T48",0.445809779001237,0.562841372959523,0.868688008873129,1
"tai",0.552667548078936,0.695636126483198,0.915647296762266,1
"Tango1",0.81536504779672,0.83328135219532,0.988402838192131,1
"Tango5",0.757190651588443,0.83115210043414,0.980004517299217,1
"tey",0.751501533714477,0.822333837662593,0.929922975341223,1
"TfIIEalpha",0.792648478142496,0.88088046942232,1,0.969342832351848
"ths",0.73403324281725,0.80415189102549,0.895833048451383,1
"Tig",0.591803757491388,0.734338554863162,0.826273376614998,1
"tio",0.740091412179289,0.821233276916269,1,0.936356499701331
"tld",0.173270922385374,0.552231090216666,0.686021342285903,1
"Tmem63",0.766230787372301,0.791192331714548,0.937681283366126,1
"tna",0.400295765686312,0.672930252442359,0.944511684303059,1
"tnc",0.0119789909665578,0.0582256673392253,0.615176345363059,1
"Tnpo",0.506910737855825,0.661356681387681,0.825421234628649,1
"toe",0.716524521279197,0.805403554977166,1,0.971211073003276
"tok",0.252493285794941,0.52831601251568,0.815393085800781,1
"Toll-7",0.698007864573134,0.765778230785038,0.837203608760445,1
"Tollo",0.662683277243313,0.719299514750445,0.812812759282643,1
"Tom",0.622147167086812,0.737009671643295,0.810898890391731,1
"Top1",0.819258122598681,0.830241580679775,0.991390855075141,1
"tou",0.651315867975056,0.745405697182227,0.911618217373424,1
"Tret1-1",0.234923910882162,0.457085884337908,0.765414767113259,1
"Trf2",0.594383116803568,0.663905604402915,0.806969943831705,1
"trh",0.751052231499059,0.844089731789618,0.987272638846248,1
"trn",0.607820845083263,0.807708187370669,0.894572496979551,1
"tsh",0.75433348630839,0.835939012020473,1,0.98914194810406
"tsl",0.592971694336545,0.712159297791126,0.957956497851656,1
"ttk",0.668676018332673,0.740682654267531,0.864075579391009,1
"TTLL15",0.535313661154501,0.63748391687088,0.887090204672288,1
"twf",0.670707691883531,0.723829536838693,0.845785819781564,1
"Ubr3",0.616294670248944,0.718752925190343,0.90439380366297,1
"Uch",0.775715043228146,0.830419332074758,1,0.92080195573931
"Ugt317A1",0.334329979463537,0.533384834223472,0.911628784030871,1
"Ugt36D1",0.438779348540011,0.6645581255171,0.911498379059372,1
"ush",0.549889280658053,0.695791535607539,0.872920878221152,1
"Usp16-45",0.819660066409913,0.832178317294709,1,0.950857192033074
"Utx",0.734533898477335,0.862183604655566,0.908367466247193,1
"ValRS",0.757767648109698,0.818816744362482,0.957227756059418,1
"vap",0.807972924465429,0.864103059431518,0.961002107732579,1
"viaf",0.748816589481107,0.795165654476841,0.864387634283288,1
"vn",0.485533292556901,0.610360718167262,0.754757530886086,1
"Vps50",0.788273799674562,0.880226366358653,1,0.99718097451175
"Vps60",0.698713128508245,0.748610624358299,0.814508118419139,1
"vri",0.0299055314259004,0.809602151395062,1,0.85540304919193
"wbl",0.034764359392157,0.18615272296127,0.733091786496314,1
"Wdr81",0.591177795090039,0.694852829105412,0.926567672423937,1
"wg",0.429661823983057,0.546150077847872,0.805177555343217,1
"Wnt2",0.674543295436622,0.698709690984539,0.94762803617169,1
"Wnt5",0.809930135956766,0.868574280655654,1,0.990864018329824
"Wnt6",0.46884995644848,0.67019284966326,0.860996796898972,1
"wts",0.755422114196937,0.817367044893738,0.944442586823988,1
"wun2",0.563617025588881,0.676133525154306,0.749334713407993,1
"Xbp1",0.841967196551602,0.876215397917121,0.921594706007072,1
"yellow-e",0.121084681868458,0.353826872525948,0.714880274825259,1
"yellow-e2",0.23110657131525,0.483301571736824,0.863573980236391,1
"yellow-e3",0.184784110207483,0.460464279106691,0.972007105020871,1
"Yeti",0.751909542682879,0.802471007277669,0.958607721601102,1
"zfh1",0.699773303543815,0.84694104255847,0.952882090699826,1
"ZnT41F",0.103494378011662,0.218688697486941,0.65276392129997,1
"ZnT63C",0.576357300294238,0.704900539013505,0.906259574183962,1
"ZnT77C",0.0921678192361436,0.252124085386967,0.753357255702514,1
"Zw",0.657714586243361,0.845335611641795,0.932921306676534,1
